Nazwy,4399995,4401502,4401583,4401671,4401703,4401829,4401903,4401998,4402003,4402049,4402058,4402061,4402062,4402066,4402077,4402130,4402162,4402173,4402193,4402208,4402251,4402279,4402326,4402355,4402378,4402412,4402447,4402473,4402484,4402494,4402545,4402546,4402567,4402568,4402586,4402588,4402608,4402613,4402621,4402622,4402633,4402634,4402670,4402695,4402701,4402710,4402719,4402736,4402747,4402755,4402777,4402791,4402799,4402819,4402844,4402880,4402884,4402901,4402902,4402913,4402939,4402963,4402973,4402982,4403003,4403038,4403073,4403094,4403128,4403141,4403206,4403227,4403256,4403262,4403282,4403342,4403366,4403401,4403449,4403450,4403519,4403529,4403656
Vilniai_A,AA,AA,TT,GG,GG,AA,GG,AA,CC,GG,GG,GG,GG,GG,CC,AA,GG,AA,TT,TT,GG,CC,GG,CC,TT,GG,AA,TT,TT,TT,CC,CC,CA,CC,CC,GG,AA,CC,GG,GG,AA,GG,AA,GG,AA,CC,CC,TT,CC,GG,CC,TT,CC,TT,CC,GG,CC,GG,GG,CC,GG,GG,GG,GG,CC,CC,CC,AA,AA,AA,AA,GG,GG,TT,GG,CC,CC,TT,GG,CC,CC,GG,CC
Kuba_A,AA,AA,TT,AA,GG,AA,GG,GG,CC,AA,GG,GG,CC,GG,CC,GG,GG,AA,TT,TT,GG,CC,GG,CC,TT,GG,AA,CC,TT,TT,CC,CC,CC,CC,CC,AA,GG,CC,AA,GG,GG,GG,AA,GG,AA,CC,CC,TT,CC,GG,CC,TT,TT,TT,CC,GG,CC,GG,GG,CC,GG,GG,GG,GG,CC,CC,CC,CC,AA,AA,AA,TT,GG,TT,GG,CC,CC,GG,GG,CC,TT,GG,CC
11257-19-1_A,AA,AA,AA,AA,CC,AA,GG,GG,GG,AA,TT,GG,GG,GG,CC,GG,GG,AA,CC,TT,GG,CC,GG,CC,TT,GG,AA,CC,TT,TT,CC,CC,CC,CC,TT,AA,GG,CC,AA,GG,GG,GG,GG,GG,AA,CC,TT,TT,CC,AA,TT,CC,TT,TT,TT,AA,CC,CC,GG,GG,GG,GG,GG,GG,CC,GG,CC,CC,AA,AA,GG,TT,CC,TT,GG,CC,TT,GG,GG,CC,TT,GG,CC
Karo_A,AA,AA,TT,GG,GG,AA,GG,GG,GG,AA,GG,GG,GG,GG,CC,AA,GG,AA,TT,TT,GG,CC,GG,CC,TT,GG,AA,CC,TT,TT,CC,CC,AA,GG,TT,AA,AA,CC,AA,GG,GG,TT,GG,GG,AA,CC,CC,TT,CC,GG,CC,TT,CC,CC,CC,GG,CC,CC,GG,CC,GG,GG,GG,GG,CC,CC,CC,CC,AA,AA,AA,GG,GG,TT,GG,CC,TT,GG,GG,CC,TT,GG,CC
Oskar_A,AA,AA,TT,GG,CC,AA,GG,GG,GG,AA,GG,GG,CC,AA,TT,AA,AA,AA,CC,CC,GG,CC,GG,CC,CC,GG,GG,TT,TT,TT,TT,CC,CC,GG,TT,AA,GG,TT,AA,GG,AA,GG,AA,GG,AA,CC,CC,TT,CC,AA,CC,TT,TT,CC,TT,AA,CC,CC,AA,CC,GG,TT,GG,GG,CC,GG,CC,CC,AA,TT,GG,TT,CC,TT,GG,TT,TT,TT,GG,CC,CC,AA,GG
Neptun_A,AA,AA,AA,GG,GG,AA,GG,GG,GG,AA,GG,GG,GG,GG,CC,AA,GG,AA,TT,TT,AA,CC,GG,CC,TT,GG,AA,CC,TT,TT,TT,CC,CC,CC,TT,GG,GG,TT,AA,GG,GG,TT,AA,GG,AA,CC,TT,TT,CC,GG,CC,CC,TT,CC,CC,AA,CC,GG,GG,GG,GG,GG,GG,GG,CC,CC,CC,CC,AA,AA,AA,GG,GG,GG,AA,CC,CC,GG,GG,GG,TT,GG,CC
Sonet_A,AA,GG,TT,GG,GG,AA,GG,AA,GG,AA,GG,GG,CC,GG,CC,AA,AA,AA,CC,CC,GG,CC,GG,CC,CC,GG,AA,CC,TT,TT,CC,CC,AA,CC,TT,AA,GG,CC,AA,GG,GG,TT,GG,GG,AA,CC,CC,TT,CC,AA,CC,TT,TT,CC,CC,GG,CC,CC,GG,CC,GG,GG,GG,GG,CC,CC,CC,CC,AA,AA,AA,TT,GG,GG,GG,TT,CC,GG,CC,CC,TT,GG,CC
Graf_A,AA,AA,AA,GG,GG,AA,GG,GG,GG,AA,GG,GG,CC,AA,CC,AA,GG,AA,TT,TT,AA,CC,GG,CC,TT,AA,AA,TT,TT,TT,TT,CC,CC,GG,TT,AA,AA,TT,AA,GG,AA,TT,GG,AA,AA,CC,CC,CC,CC,GG,CC,CC,CC,TT,CC,AA,CC,CC,GG,GG,GG,TT,GG,GG,CC,CC,TT,AA,AA,TT,AA,GG,GG,GG,AA,CC,TT,GG,GG,CC,CC,GG,CC
Myallie_A,GG,AA,TT,GG,GG,AA,GG,AA,CC,GG,GG,GG,CC,GG,CC,AA,GG,AA,TT,TT,GG,CC,GG,CC,TT,GG,AA,CC,TT,TT,TT,CC,CC,GG,TT,AA,GG,TT,AA,GG,GG,TT,AA,GG,AA,CC,CC,TT,CC,GG,CC,TT,CC,TT,CC,GG,CC,CC,GG,CC,GG,GG,GG,GG,CC,CC,CC,AA,AA,AA,AA,GG,GG,TT,GG,CC,CC,GG,GG,CC,TT,GG,CC
Boruta_A,AA,AA,TT,GG,GG,AA,GG,AA,GG,GG,GG,GG,CC,GG,TT,AA,GG,AA,TT,TT,AA,CC,GG,CC,TT,GG,AA,CC,TT,AA,TT,CC,CC,GG,TT,AA,GG,CC,AA,GG,AA,TT,GG,GG,AA,CC,CC,TT,CC,GG,TT,TT,TT,TT,TT,AA,CC,CC,GG,CC,GG,GG,GG,GG,CC,CC,CC,AA,AA,AA,AA,GG,GG,GG,GG,CC,TT,GG,GG,CC,TT,GG,CC
Lazur_A,AA,GG,TT,GG,GG,AA,GG,GG,GG,AA,GG,GG,CC,GG,CC,AA,GG,AA,TT,TT,GG,CC,GG,CC,TT,AG,AA,CC,TT,TT,TT,CC,CC,CC,TT,AA,GG,TT,AA,GG,AA,TT,GG,GG,TT,TT,CC,TT,CC,GG,CC,TT,TT,TT,CC,GG,CC,CC,GG,CC,GG,GG,GG,GG,CC,GG,CC,AA,GG,AA,AA,GG,CC,TT,GG,CC,TT,GG,GG,CC,TT,GG,CC
Bojar_A,AA,AA,AA,GG,GG,AA,GG,AA,GG,GG,GG,GG,CC,AA,CC,AA,GG,AA,TT,TT,GG,CC,GG,CC,CC,GG,AA,CC,TT,TT,CC,CC,AA,CC,TT,AA,GG,CC,AA,GG,GG,GG,GG,GG,AA,CC,TT,TT,CC,GG,CC,CC,TT,TT,CC,GG,CC,CC,GG,CC,GG,GG,GG,GG,CC,CC,CC,AA,AA,AA,AA,GG,GG,TT,AA,CC,TT,GG,CC,CC,TT,GG,CC
Kalif_A,AA,AA,TT,GG,GG,AA,GG,GG,CC,AA,GG,GG,CC,GG,TT,GG,GG,AA,TT,TT,AA,CC,GG,CC,TT,AA,GG,CC,TT,AA,CC,CC,CC,GG,TT,AA,GG,TT,AA,TT,GG,GG,GG,GG,AA,CC,CC,TT,CC,AA,TT,TT,TT,TT,TT,GG,CC,CC,GG,GG,GG,GG,GG,GG,CC,GG,CC,CC,AA,AA,GG,TT,GG,GG,GG,CC,TT,GG,GG,CC,TT,GG,GG
Zeus_A,AA,GG,TT,GG,CC,GG,GG,AA,GG,GG,GG,GG,GG,AA,CC,AA,GG,AA,TT,TT,AA,TT,CC,CC,TT,AA,AA,TT,TT,TT,TT,TT,CC,CC,TT,GG,AA,TT,AA,GG,GG,TT,GG,GG,TT,TT,CC,CC,CC,GG,TT,CC,CC,CC,CC,GG,CC,CC,GG,CC,AA,TT,GG,GG,CC,CC,TT,AA,GG,TT,AA,GG,GG,GG,AA,CC,TT,GG,GG,GG,CC,GG,CC
Regent_A,AA,AA,AA,AA,GG,GG,GG,GG,GG,AA,TT,GG,CC,GG,CC,GG,GG,AA,TT,TT,GG,TT,CC,CC,TT,AA,GG,TT,TT,TT,CC,CC,CC,CC,TT,AA,GG,CC,AA,GG,GG,GG,GG,GG,AA,CC,TT,TT,CC,GG,CC,TT,TT,TT,CC,AA,CC,CC,AA,CC,GG,TT,GG,GG,CC,GG,CC,CC,AA,TT,GG,GG,CC,TT,GG,CC,TT,TT,GG,CC,CC,AA,CC
Dalbor_A,AA,GG,AA,GG,GG,GG,GG,AA,GG,GG,GG,GG,CC,GG,CC,AA,GG,AA,TT,TT,GG,TT,CC,CC,TT,GG,GG,CC,TT,AA,TT,CC,CC,CC,CC,AA,AA,TT,AA,GG,GG,TT,AA,GG,TT,TT,TT,TT,CC,GG,TT,TT,TT,TT,CC,AA,CC,GG,GG,GG,GG,GG,AA,GG,CC,GG,CC,AA,GG,AA,GG,GG,GG,TT,GG,CC,TT,TT,GG,CC,TT,GG,CC
Wars_A,AA,AA,TT,AA,GG,AA,GG,GG,GG,GG,TT,GG,CC,GG,CC,GG,GG,AA,TT,TT,GG,CC,GG,CC,CC,GG,AA,CC,TT,AA,CC,CC,CC,GG,TT,GG,GG,CC,AA,GG,GG,GG,AA,GG,TT,TT,CC,TT,CC,GG,CC,TT,TT,TT,CC,GG,CC,CC,GG,GG,GG,GG,GG,GG,CC,CC,CC,AA,GG,AA,AA,GG,GG,TT,GG,CC,TT,GG,GG,CC,TT,GG,GG
Heros_A,AA,AA,AA,GG,GG,GG,GG,AA,GG,GG,GG,GG,CC,AA,CC,AA,GG,GG,CC,TT,GG,CC,CC,CC,TT,AA,AA,CC,TT,TT,TT,CC,CC,GG,TT,AA,GG,CC,AA,GG,GG,TT,GG,GG,AA,CC,TT,TT,CC,GG,TT,TT,TT,TT,CC,AA,CC,CC,GG,GG,GG,GG,AA,GG,CC,GG,CC,AA,AA,AA,AA,GG,CC,TT,AA,CC,TT,TT,GG,CC,CC,GG,CC
Tango_A,AA,AA,TT,GG,GG,AA,GG,GG,GG,AA,GG,GG,GG,GG,TT,GG,GG,AA,TT,TT,GG,CC,GG,CC,CC,GG,AA,CC,TT,AA,CC,CC,CC,GG,TT,AA,GG,CC,AA,TT,GG,GG,GG,GG,AA,CC,CC,TT,CC,GG,TT,TT,TT,TT,CC,GG,CC,CC,GG,CC,GG,GG,GG,GG,CC,CC,CC,CC,AA,AA,AA,GG,GG,TT,GG,CC,TT,GG,GG,CC,TT,GG,GG
Kadryl_A,AA,GG,TT,GG,GG,AA,GG,AA,GG,GG,GG,GG,GG,GG,CC,AA,AA,AA,CC,CC,AA,CC,GG,CC,CC,AA,AA,CC,TT,TT,TT,CC,AA,GG,TT,GG,AA,CC,AA,GG,GG,GG,AA,GG,AA,CC,CC,TT,CC,GG,CC,TT,TT,CC,CC,AA,CC,CC,GG,CC,GG,GG,GG,GG,CC,CC,CC,AA,AA,AA,AA,TT,GG,GG,GG,TT,TT,GG,CC,GG,TT,GG,CC
Salsa_A,AA,GG,TT,GG,GG,GG,GG,AA,CC,GG,TT,GG,CC,AA,CC,AA,AA,AA,TT,TT,GG,TT,CC,CC,CC,AA,AA,CC,TT,TT,TT,TT,CC,CC,TT,GG,AA,TT,AA,GG,GG,TT,GG,GG,AA,CC,CC,CC,CC,GG,TT,TT,TT,CC,CC,GG,CC,CC,GG,CC,AA,GG,GG,GG,CC,CC,TT,AA,GG,AA,AA,GG,GG,GG,AA,CC,TT,TT,CC,GG,TT,GG,CC
Rumba_A,AA,AA,TT,GG,GG,AA,GG,AA,GG,GG,GG,GG,CC,GG,CC,AA,GG,AA,TT,TT,GG,CC,GG,CC,TT,GG,AA,CC,TT,TT,TT,CC,CC,GG,TT,AA,GG,TT,AA,GG,GG,TT,GG,GG,AA,CC,CC,TT,CC,GG,CC,TT,CC,TT,CC,GG,CC,CC,GG,CC,GG,GG,GG,GG,CC,CC,CC,AA,AA,AA,AA,GG,GG,TT,GG,CC,TT,GG,GG,CC,TT,GG,CC
Franko_A,AA,AA,TT,GG,GG,AA,GG,AA,GG,GG,GG,GG,GG,GG,CC,AA,GG,AA,TT,TT,GG,CC,GG,CC,TT,GG,AA,CC,TT,AA,CC,CC,AA,GG,CC,AA,AA,CC,AA,GG,GG,GG,GG,GG,AA,CC,CC,TT,CC,GG,CC,TT,CC,TT,CC,GG,CC,GG,GG,CC,GG,GG,GG,GG,CC,CC,CC,AA,AA,AA,AA,GG,GG,TT,GG,CC,TT,GG,CC,CC,TT,GG,CC
Tytan_A,AA,AA,AA,GG,GG,AA,GG,AA,GG,GG,TT,GG,CC,GG,CC,AA,GG,AA,TT,TT,GG,CC,GG,CC,CC,GG,AA,CC,TT,TT,TT,CC,CC,GG,CC,AA,AA,TT,AA,GG,GG,TT,GG,GG,AA,CC,TT,TT,CC,GG,CC,CC,TT,TT,CC,GG,CC,GG,GG,GG,GG,GG,GG,GG,CC,CC,CC,AA,AA,AA,AA,GG,GG,TT,GG,CC,TT,GG,GG,CC,TT,GG,CC
Koral_A,AA,GG,AA,GG,GG,AA,GG,GG,GG,AA,GG,AA,GG,AA,CC,AA,GG,AA,TT,TT,AA,CC,GG,CC,TT,GG,AA,CC,TT,AA,TT,CC,AA,GG,TT,GG,GG,CC,AA,GG,GG,GG,AA,AA,TT,TT,CC,CC,CC,GG,CC,TT,CC,CC,CC,GG,CC,GG,GG,CC,AA,GG,GG,GG,CC,CC,TT,AA,GG,AA,AA,TT,GG,TT,GG,CC,TT,GG,GG,GG,TT,GG,CC
Jowisz_A,AA,AA,TT,GG,GG,AA,GG,AA,GG,GG,GG,GG,CC,GG,CC,GG,GG,GG,TT,TT,GG,TT,GG,CC,TT,AA,AA,CC,TT,TT,TT,CC,CC,GG,CC,AA,GG,CC,AA,GG,GG,TT,GG,GG,TT,CC,CC,TT,CC,GG,TT,TT,CC,CC,CC,GG,CC,GG,GG,CC,GG,GG,GG,GG,CC,CC,CC,AA,GG,AA,AA,GG,CC,GG,GG,CC,TT,TT,GG,CC,CC,GG,CC
Neron_A,AA,AA,TT,GG,GG,AA,AA,GG,GG,AA,TT,GG,CC,GG,CC,AA,GG,AA,TT,TT,GG,TT,GG,CC,TT,GG,AA,CC,TT,TT,TT,CC,CC,GG,CC,AA,AA,CC,AA,TT,GG,TT,GG,GG,AA,CC,CC,TT,CC,GG,TT,TT,CC,CC,CC,GG,CC,CC,GG,CC,GG,GG,GG,GG,CC,GG,CC,CC,AA,AA,AA,GG,GG,TT,GG,CC,CC,GG,GG,CC,TT,GG,CC
Brunet_A,AA,AA,TT,GG,GG,GG,GG,GG,CC,AA,GG,AA,GG,GG,CC,AA,GG,AA,TT,TT,GG,TT,CC,CC,TT,GG,AA,CC,TT,TT,CC,CC,AA,GG,TT,AA,AA,CC,AA,GG,GG,TT,GG,GG,AA,CC,CC,TT,CC,GG,CC,CC,CC,TT,CC,GG,CC,CC,GG,CC,GG,GG,GG,GG,CC,CC,CC,CC,AA,AA,AA,GG,GG,TT,GG,CC,CC,GG,GG,CC,TT,GG,CC
Boregine_A,AA,AA,TT,GG,CC,AA,AA,AA,GG,GG,TT,GG,CC,GG,CC,GG,GG,GG,TT,TT,GG,CC,GG,CC,TT,GG,AA,CC,TT,TT,TT,CC,CC,GG,CC,AA,AA,CC,AA,GG,GG,TT,AA,GG,AA,CC,TT,TT,CC,GG,TT,TT,TT,CC,CC,AA,CC,GG,GG,GG,GG,GG,GG,GG,CC,GG,CC,AA,AA,AA,AA,GG,GG,TT,GG,CC,TT,TT,GG,CC,CC,GG,CC
Probor_A,AA,AA,TT,GG,GG,AA,GG,AA,GG,GG,GG,GG,CC,GG,TT,GG,GG,AA,TT,TT,AA,CC,GG,CC,TT,GG,AA,CC,TT,AA,TT,CC,CC,GG,TT,AA,GG,CC,AA,GG,GG,TT,AA,GG,AA,CC,CC,TT,CC,GG,TT,TT,TT,TT,TT,AA,CC,CC,GG,CC,GG,GG,GG,GG,CC,GG,CC,AA,AA,AA,AA,GG,GG,GG,GG,CC,TT,GG,GG,CC,CC,GG,CC
Mirabor_A,AA,AA,TT,GG,CC,AA,GG,AA,GG,GG,GG,GG,CC,GG,TT,AA,GG,AA,TT,TT,GG,CC,GG,CC,CC,GG,AA,CC,TT,AA,CC,CC,CC,CC,TT,AA,GG,CC,AA,GG,GG,TT,GG,GG,AA,CC,CC,TT,CC,GG,CC,TT,CC,TT,CC,AA,CC,CC,GG,CC,GG,GG,GG,GG,CC,CC,CC,CC,AA,AA,GG,GG,GG,GG,GG,CC,CC,GG,GG,CC,TT,GG,CC
Irys_A,AA,AA,TT,GG,GG,AA,GG,AA,GG,GG,GG,GG,CC,GG,CC,GG,GG,GG,TT,TT,GG,CC,GG,TT,TT,GG,AA,CC,TT,TT,TT,CC,CC,GG,TT,AA,AA,CC,AA,TT,GG,TT,AA,GG,AA,CC,TT,TT,CC,GG,TT,TT,TT,CC,CC,AA,CC,CC,GG,GG,GG,GG,GG,GG,CC,GG,CC,AA,GG,AA,GG,GG,CC,TT,GG,CC,TT,TT,GG,CC,CC,GG,CC
Sonate_A,AA,GG,TT,AA,GG,AA,AA,GG,GG,AA,GG,GG,GG,GG,CC,GG,GG,AA,CC,TT,GG,CC,GG,TT,TT,GG,AA,CC,TT,AA,CC,CC,CC,GG,TT,AA,AA,CC,AA,GG,GG,TT,AA,GG,AA,CC,CC,TT,CC,GG,TT,TT,TT,CC,CC,AA,CC,CC,GG,CC,GG,GG,GG,GG,CC,GG,CC,CC,AA,AA,AA,GG,GG,TT,GG,CC,CC,TT,GG,CC,CC,GG,CC
Haagena_A,AA,AA,TT,GG,CC,AA,GG,GG,GG,GG,GG,AA,CC,GG,CC,GG,GG,GG,CC,TT,AA,CC,GG,TT,TT,GG,AA,CC,TT,AA,CC,CC,CC,GG,TT,AA,GG,CC,AA,TT,GG,GG,AA,GA,AA,CC,CC,TT,CC,AA,TT,TT,TT,TT,CC,AA,TC,CC,GG,CC,GG,GG,GG,GG,CC,GG,CC,AA,AA,AA,GG,GG,GG,GG,GG,TT,TT,TT,GG,CC,CC,GG,CC
Bordako_A,AA,AA,TT,GG,GG,AA,GG,AA,GG,GG,GG,GG,CC,GG,CC,AA,GG,AA,TT,TT,AA,TT,GG,CC,TT,GG,AA,CC,TT,TT,TT,CC,CC,GG,TT,AA,GG,TT,AA,GG,GG,TT,AA,GG,AA,CC,CC,TT,CC,GG,CC,TT,TT,TT,CC,AA,CC,CC,GG,CC,GG,GG,GG,GG,CC,CC,CC,AA,AA,AA,AA,GG,GG,GG,GG,CC,TT,GG,GG,CC,TT,GG,CC
Silena_A,AA,AA,TT,GG,GG,AA,GG,AA,GG,GG,GG,GG,CC,GG,CC,GG,GG,AA,CC,TT,GG,CC,GG,TT,TT,AA,GG,CC,TT,TT,TT,CC,CC,GG,TT,AA,GG,TT,AA,TT,GG,TT,AA,GG,AA,CC,CC,TT,CC,GG,TT,TT,TT,CC,CC,AA,CC,CC,GG,CC,GG,GG,GG,GG,CC,GG,CC,AA,AA,AA,GG,GG,CC,TT,GG,CC,TT,GG,GG,CC,CC,GG,CC
Elf_A,AA,AA,AA,AA,GG,GG,GG,AA,GG,GG,GG,AA,GG,GG,CC,GG,GG,AA,TT,TT,GG,CC,GG,CC,TT,AA,AA,CC,TT,TT,TT,CC,CA,CC,TT,AA,GG,CC,AA,GG,GG,TT,GG,GG,AA,CC,CC,TT,CC,GG,CC,TT,TT,TT,CC,AA,CC,CC,GG,CC,GG,GG,GG,GG,CC,GG,CC,AA,AA,AA,AA,GG,CC,TT,GG,CC,CC,GG,GG,CC,TT,GG,CC
Coromup_A,AA,AA,AA,AA,GG,AA,AA,AA,GG,AA,TT,AA,GG,GG,CC,GG,GG,AA,TT,TT,GG,CC,GG,CC,TT,GG,AA,CC,TT,AA,CC,CC,CC,GG,TT,AA,GG,CC,AA,GG,GG,TT,GG,GG,AA,CC,TT,TT,CC,AA,TT,TT,TT,TT,CC,AA,CC,GG,GG,GG,GG,GG,GG,GG,CC,GG,CC,CC,AA,AA,AA,TT,GG,GG,GG,CC,TT,GG,GG,CC,CC,GG,CC
R 205/09_A,AA,AA,AA,AA,GG,GG,AA,GG,GG,AA,TT,AA,CC,GG,CC,GG,GG,AA,TT,TT,GG,TT,CC,CC,TT,AA,AA,TT,TT,AA,CC,CC,CC,GG,TT,AA,GG,CC,AA,GG,AA,GG,GG,GG,AA,CC,TT,TT,CC,GG,CC,TT,CC,TT,CC,GG,CC,CC,AA,CC,GG,TT,GG,GG,CC,GG,CC,CC,AA,TT,AA,GG,CC,TT,GG,CC,CC,TT,GG,CC,CC,AA,CC
R 1344/10_A,AA,AA,AA,AA,GG,GG,AA,GG,GG,AA,GG,GG,CC,GG,CC,GG,GG,AA,TT,TT,GG,CC,CC,CC,TT,AA,AA,TT,TT,AA,CC,CC,CC,CC,CC,AA,GG,CC,AA,TT,AA,GG,AA,GG,AA,CC,TT,TT,CC,GG,TT,TT,CC,CC,CC,GG,CC,CC,AA,CC,GG,TT,GG,GG,CC,GG,CC,CC,AA,TT,AA,GG,CC,TT,GG,CC,TT,TT,GG,CC,CC,AA,CC
R 1375/10_A,GG,AA,AA,AA,GG,AA,AA,AA,GG,GA,GG,GG,CC,GG,CC,GG,GG,AA,TT,TT,GG,TT,CC,CC,TT,GG,AA,TT,TT,TT,CC,CC,CC,GG,TT,AA,GG,CC,AA,GG,AA,GG,GG,GG,AA,CC,TT,TT,CC,GG,CC,TT,TT,TT,CC,AA,CC,CC,AA,CC,GG,TT,GG,GG,CC,GG,CC,AA,AA,TT,AA,GG,GG,TT,GG,CC,TT,GG,GG,CC,CC,AA,CC
R1394/10_A,GG,AA,AA,AA,CC,AA,GG,AA,CC,AA,TT,GG,CC,GG,CC,GG,GG,AA,TC,TT,GG,TT,CC,CC,CC,GG,GG,CC,TT,TT,CC,CC,CC,CC,TT,AA,GG,CC,AA,GG,GG,GG,GG,GG,AA,CC,TT,TT,CC,GG,CC,TT,CC,TT,CC,GG,CC,CC,GG,CC,GG,GG,GG,GG,CC,GG,CC,CC,AA,AA,GG,GG,GG,TT,GG,CC,TT,GG,GG,CC,TT,GG,CC
R 1398/10_A,AA,AA,AA,AA,CC,AA,AA,GG,CC,AA,TT,GG,CC,GG,CC,GG,GG,GG,TT,TT,AA,CC,GG,CC,TC,AA,AA,TT,TT,TT,CC,CC,CC,GG,TT,AA,GG,CC,AA,GG,AA,TT,GG,AA,AA,CC,TT,TT,CC,GG,TT,TT,CC,CC,CC,GG,CC,CC,GG,CC,GG,TT,GG,GG,CC,GG,CC,CC,AA,TT,AA,GG,CC,TT,GG,CC,TT,TT,GG,CC,CC,GG,CC
R 1382/10_A,AA,AA,AA,AA,GG,AA,AA,GG,GG,AA,TT,GG,GG,GG,CC,GG,GG,AA,TT,TT,GG,TT,CC,CC,TT,GG,GG,CC,TT,TT,TT,CC,CC,GG,TT,AA,AA,CC,AA,GG,AA,GG,AA,GG,AA,CC,TT,TT,CC,GG,CC,TT,TT,TT,CC,GG,CC,CC,GG,CC,GG,GG,GG,GG,CC,CC,CC,CC,AA,AA,GG,GG,GG,TT,GG,CC,CC,GG,GG,CC,CC,AA,CC
R 2434/11_A,AA,AA,AA,AA,GG,GG,AA,GG,GG,AA,GG,GG,GG,GG,CC,GG,AA,GG,TT,TT,GG,CC,CC,CC,CC,AA,GG,TT,TT,TT,TT,CC,CC,GG,TT,AA,AA,CC,AA,TT,AA,GG,GG,GG,AA,CC,TT,TT,CC,GG,CC,TT,TT,CC,CC,AA,CC,CC,AA,CC,GG,TT,GG,GG,CC,GG,CC,CC,AA,TT,GG,GG,CC,TT,GG,CC,CC,TT,GG,CC,CC,AA,CC
EMIR_A,AA,GG,TT,AA,GG,GG,GG,AA,GG,GG,TT,AA,CC,AA,CC,GG,GG,GG,TT,TT,AA,TT,CC,CC,TT,GG,AA,CC,TT,AA,TT,TT,CC,CC,CC,GG,AA,CC,GG,GG,AA,GG,GG,AA,TT,TT,TT,CC,TT,GG,CC,CC,CC,CC,CC,GG,CC,GG,AA,GG,AA,TT,AA,GG,CC,CC,TT,AA,GG,AA,AA,GG,GG,TT,AA,CC,TT,TT,CC,GG,CC,AA,CC
LAE-1_A,GG,AA,AA,GG,CC,AA,AA,GG,CC,AA,GG,GG,GG,GG,TT,AA,AA,AA,CC,CC,GG,CC,GG,TT,CC,AA,GG,TT,AA,TT,CC,CC,AA,GG,TT,AA,GG,TT,AA,TT,GG,TT,AA,GG,AA,CC,CC,TT,CC,AA,TT,TT,TT,TT,TT,AA,TT,CC,GG,CC,GG,GG,GG,AA,TT,GG,CC,CC,AA,TT,GG,TT,CC,GG,GG,TT,CC,GG,GG,CC,TT,GG,GG
